{
    "items": [
        {
            "name": "Debian (no kterm!)",
            "if": "\"kterm\" -ext!",
            "items": [
                {
                    "name": "Install kterm extension (required)",
                    "action": "sh get_kterm_fbink.sh"
                }
            ]
        },
        {
            "name": "Debian",
            "if": "\"kterm\" -ext",
            "items": [
                {
                    "name": "copy conf file to /etc/upstart (only needed once when installing)",
                    "action": "sh deploy_kterm.sh",
                    "exitmenu": false
                },
                {
                    "name": "Start Debian Desktop",
                    "action": "sh start_gui.sh",
                    "exitmenu": false
                },
                {
                    "name": "Drop into Debian shell",
                    "action": "sh drop_into_debian.sh",
                    "exitmenu": false
                },
                {
                    "name": "Delete Debian",
                    "action": "sh delete_kterm.sh",
                    "exitmenu": false
                },
                {
                    "name": "Update this Launcher",
                    "action": "sh update_kterm.sh"
                }
            ]
        }
    ]
}
